postal_id	occ_time	send_charac_name	receive_charac_no	item_id	gold	receive_time
1	2026-06-07 23:00:58	GM	1	0	1000	2026-06-08 00:54:03
2	2026-06-07 23:05:29	GM	1	0	999	2026-06-08 00:54:03
3	2026-06-07 23:06:44	GM	1	0	999	2026-06-08 00:54:03
4	2026-06-07 23:07:09	GM	1	0	1	2026-06-08 00:54:03
5	2026-06-07 23:39:27	GM	1	0	1	2026-06-08 00:54:02
6	2026-06-07 23:41:56	GM	1	0	1	2026-06-08 00:54:02
7	2026-06-07 23:41:56	GM	1	100	0	2026-06-08 00:54:02
8	2026-06-01 01:00:00	赛丽亚	1	7957	100000	2026-06-08 00:54:03
9	2026-06-01 01:00:00	赛丽亚	1	8192	0	2026-06-08 00:54:02
