ui_id	charac_no	slot	it_id	expire_date	obtain_from	reg_date
1	1	29	105580163	9999-12-31 23:59:59	0	2026-05-04 01:33:24
2	1	23	605530321	9999-12-31 23:59:59	0	2026-05-04 01:33:24
3	1	21	105550528	9999-12-31 23:59:59	0	2026-05-04 01:33:31
4	1	22	105560514	9999-12-31 23:59:59	0	2026-05-04 01:33:31
5	1	14	105570465	9999-12-31 23:59:59	0	2026-05-04 01:33:31
6	1	24	105520496	9999-12-31 23:59:59	0	2026-05-04 01:33:31
7	1	25	105500523	9999-12-31 23:59:59	0	2026-05-04 01:33:31
8	1	17	105510522	9999-12-31 23:59:59	0	2026-05-04 01:33:31
9	1	18	105530436	9999-12-31 23:59:59	0	2026-05-04 01:33:31
10	1	19	105540500	9999-12-31 23:59:59	0	2026-05-04 01:33:31
11	1	20	105580188	9999-12-31 23:59:59	0	2026-05-04 01:33:31
12	1	0	105550516	9999-12-31 23:59:59	0	2026-05-04 01:33:54
13	1	1	105560499	9999-12-31 23:59:59	0	2026-05-04 01:33:54
14	1	2	105570459	9999-12-31 23:59:59	0	2026-05-04 01:33:54
15	1	6	105520490	9999-12-31 23:59:59	0	2026-05-04 01:33:54
16	1	3	105500508	9999-12-31 23:59:59	0	2026-05-04 01:33:54
17	1	4	105510507	9999-12-31 23:59:59	0	2026-05-04 01:33:54
18	1	7	105530428	9999-12-31 23:59:59	0	2026-05-04 01:33:54
19	1	5	105540485	9999-12-31 23:59:59	0	2026-05-04 01:33:54
20	1	8	105580184	9999-12-31 23:59:59	0	2026-05-04 01:33:54
21	1	9	101590051	9999-12-31 23:59:59	0	2026-05-04 01:34:03
22	1	31	101590040	9999-12-31 23:59:59	0	2026-05-04 01:34:53
