tran_id	tran_type	occ_date
1	1	2026-05-04 01:29:09
2	1	2026-05-04 01:29:09
3	1	2026-05-04 01:29:09
4	1	2026-05-04 01:29:09
5	1	2026-05-04 01:29:09
6	1	2026-05-04 01:29:09
7	1	2026-05-04 01:29:09
8	1	2026-05-04 01:29:09
9	1	2026-05-04 01:29:09
10	1	2026-05-04 01:29:09
11	1	2026-05-04 01:29:09
12	1	2026-05-04 01:29:09
13	1	2026-05-04 01:29:09
14	1	2026-05-04 01:29:09
15	1	2026-05-04 01:29:09
16	1	2026-05-04 01:29:09
17	1	2026-05-04 01:29:09
18	1	2026-05-04 01:29:09
19	1	2026-05-04 01:29:09
20	1	2026-05-04 01:29:09
21	1	2026-05-04 01:29:09
22	1	2026-05-04 01:29:09
23	1	2026-05-04 01:29:09
24	1	2026-05-04 01:29:09
25	1	2026-05-04 01:29:09
26	1	2026-05-04 01:29:09
27	1	2026-05-04 01:29:09
28	1	2026-05-04 01:29:09
29	1	2026-05-04 01:29:09
30	1	2026-05-04 01:29:09
31	1	2026-05-04 01:29:09
32	1	2026-05-04 01:29:09
33	1	2026-05-04 01:29:09
34	1	2026-05-04 01:30:07
35	1	2026-05-04 01:31:55
36	1	2026-05-04 01:32:01
37	1	2026-05-04 01:32:25
38	1	2026-05-04 01:32:36
39	1	2026-05-04 01:32:41
40	1	2026-05-04 01:32:45
41	1	2026-05-04 01:32:48
42	1	2026-05-04 01:32:51
43	1	2026-05-04 01:32:54
44	1	2026-05-04 01:32:58
45	1	2026-05-04 01:33:01
46	1	2026-05-04 01:33:04
47	1	2026-06-27 00:33:05
48	1	2026-06-27 00:33:33
49	1	2026-06-27 00:33:33
50	1	2026-06-27 00:33:33
51	1	2026-06-27 00:33:33
52	1	2026-06-27 00:33:33
